<?xml version="1.0" encoding="utf-8"?>
<!DOCTYPE hibernate-configuration PUBLIC
"-//Hibernate/Hibernate Configuration DTD 3.0//EN"
"http://www.hibernate.org/dtd/hibernate-configuration/hibernate-configuration-3.0.dtd">
<hibernate-configuration>
	<session-factory>
		<property name="show_sql">false</property>
		<!-- auto update/change db when starting-->
		<property name="hibernate.hbm2ddl.auto">update</property>
<!-- 		<property name="hibernate.hbm2ddl.auto">create-drop</property> -->
		<mapping class="model.Player" />
		<mapping class="model.Region" />
		<mapping class="model.Server" />


	</session-factory>
</hibernate-configuration>