<?xml version="1.0" encoding="UTF-8" standalone="no"?>
<Player>
    <player id="1">
        <region>North America</region>
        <server>Stormterror's Lair</server>
        <name>John Doe</name>
    </player>
    <player id="2">
        <region>Asia</region>
        <server>Narukami Shrine</server>
        <name>SB</name>
    </player>
    <player id="3">
        <region>Asia</region>
        <server>Jueyun Karst</server>
        <name>Jaime</name>
    </player>
    <player id="4">
        <region>Asia</region>
        <server>Inazuma City</server>
        <name>as</name>
    </player>
    <player id="5">
        <region>North America</region>
        <server>Wolvendom</server>
        <name>Uno</name>
    </player>
</Player>
